tx,ty,time_s
4,4,0.345279
8,8,4.24058
16,16,16.9622
32,8,6.78748
8,32,9.29225
4,64,4.88328
64,4,1.56185
